0,"Alcohol, ethyl"
1,"Caffeine"
2,"Theobromine"
3,"Daidzein(3)"
4,"Genistein(3)"
5,"Total isoflavones(3)"
6,"Daidzein(16)"
7,"Genistein(16)(17)"
8,"Total isoflavones(16)"
9,"Daidzein(14)"
10,"Genistein(14)"
11,"Glycitein(14)"
12,"Total isoflavones(14)"
13,"Formononetin"
14,"Coumestrol"
15,"Proanthocyanidin monomers(7)"
16,"Proanthocyanidin dimers(7)"
17,"Proanthocyanidin trimers(7)"
18,"Proanthocyanidin 4-6mers(7)"
19,"Proanthocyanidin 7-10mers(7)"
20,"Proanthocyanidin polymers (>10mers)(7)"
21,"(+)-Catechin(8)"
22,"(-)-Epigallocatechin(8)"
23,"(-)-Epicatechin(8)"
24,"(-)-Epicatechin 3-gallate(8)"
25,"(-)-Epigallocatechin 3-gallate(8)"
26,"(+)-Gallocatechin(8)"
27,"Apigenin(9)"
28,"Luteolin(9)"
29,"Kaempferol(9)"
30,"Myricetin(9)"
31,"Quercetin(9)"
32,"Daidzein(2)"
33,"Genistein(2)"
34,"Total isoflavones(2)"
35,"Daidzein(5)"
36,"Genistein(5)"
37,"Total isoflavones(5)"
38,"Biochanin A"
39,"Proanthocyanidin monomers(4)"
40,"Proanthocyanidin dimers(4)"
41,"Proanthocyanidin trimers(4)"
42,"Proanthocyanidin 4-6mers(4)"
43,"Proanthocyanidin 7-10mers(4)"
44,"Proanthocyanidin polymers (>10mers)(4)"
45,"Apigenin(3)"
46,"Luteolin(3)"
47,"Proanthocyanidin monomers(5)"
48,"Proanthocyanidin dimers(5)"
49,"Proanthocyanidin trimers(5)"
50,"Proanthocyanidin 4-6mers(5)"
51,"Proanthocyanidin 7-10mers(5)"
52,"Proanthocyanidin polymers (>10mers)(5)"
53,"Proanthocyanidin monomers(10)"
54,"Proanthocyanidin dimers(10)"
55,"Proanthocyanidin trimers(10)"
56,"Proanthocyanidin 4-6mers(10)"
57,"Proanthocyanidin 7-10mers(10)"
58,"Proanthocyanidin polymers (>10mers)(10)"
59,"Proanthocyanidin monomers(9)"
60,"Proanthocyanidin dimers(9)"
61,"Proanthocyanidin trimers(9)"
62,"Proanthocyanidin 4-6mers(9)"
63,"Proanthocyanidin 7-10mers(9)"
64,"Proanthocyanidin polymers (>10mers)(9)"
65,"Proanthocyanidin monomers(2)"
66,"Proanthocyanidin dimers(2)"
67,"Proanthocyanidin trimers(2)"
68,"Proanthocyanidin 4-6mers(2)"
69,"Proanthocyanidin 7-10mers(2)"
70,"Proanthocyanidin polymers (>10mers)(2)"
71,"Proanthocyanidin monomers(6)"
72,"Proanthocyanidin dimers(6)"
73,"Proanthocyanidin trimers(6)"
74,"Proanthocyanidin 4-6mers(6)"
75,"Proanthocyanidin 7-10mers(6)"
76,"Proanthocyanidin polymers (>10mers)(6)"
77,"Naringenin(2)"
78,"Apigenin(2)"
79,"Luteolin(2)"
80,"Kaempferol(2)"
81,"Quercetin(2)"
82,"Proanthocyanidin monomers(8)"
83,"Proanthocyanidin dimers(8)"
84,"Proanthocyanidin trimers(8)"
85,"Proanthocyanidin 4-6mers(8)"
86,"Proanthocyanidin 7-10mers(8)"
87,"Proanthocyanidin polymers (>10mers)(8)"
88,"Apigenin(5)(6)"
89,"Luteolin(6)"
90,"Isorhamnetin(6)"
91,"Kaempferol(6)"
92,"Quercetin(5)"
93,"Proanthocyanidin monomers(3)"
94,"Proanthocyanidin dimers(3)"
95,"Proanthocyanidin trimers(3)"
96,"Proanthocyanidin 4-6mers(3)"
97,"Proanthocyanidin 7-10mers(3)"
98,"Proanthocyanidin polymers (>10mers)(3)"
99,"Hesperetin(5)"
100,"Apigenin(5)"
101,"Luteolin(5)"
102,"Isorhamnetin(5)"
103,"Kaempferol(5)"
104,"Daidzein(23)"
105,"Genistein(23)"
106,"Total isoflavones(23)"
107,"Kaempferol(2)(3)"
108,"Quercetin(2)(3)"
109,"Proanthocyanidin monomers(1)"
110,"Proanthocyanidin dimers(1)"
111,"Proanthocyanidin trimers(1)"
112,"Proanthocyanidin 4-6mers(1)"
113,"Proanthocyanidin 7-10mers(1)"
114,"Proanthocyanidin polymers (>10mers)(1)"
115,"Daidzein(1)(2)"
116,"Genistein(1)(2)"
117,"Glycitein(1)"
118,"Total isoflavones(1)(2)"
119,"Glycitein(1)(2)"
120,"Total isoflavones(1)(2)(3)"
121,"Daidzein(7)"
122,"Genistein(7)"
123,"Glycitein(7)"
124,"Total isoflavones(7)"
125,"Apigenin(3)(4)(5)(6)"
126,"Luteolin(3)(4)(5)(6)(7)(8)(9)"
127,"Glycitein(3)"
128,"Glycitein(2)"
129,"Daidzein(1)"
130,"Genistein(1)"
131,"Total isoflavones(1)"
132,"Kaempferol(4)"
133,"Quercetin(4)"
134,"Kaempferol(3)"
135,"Quercetin(3)"
136,"Daidzein(2)(3)"
137,"Genistein(2)(3)"
138,"Glycitein(2)(3)"
139,"Total isoflavones(2)(3)"
140,"Daidzein(4)"
141,"Genistein(4)"
142,"Total isoflavones(4)"
143,"Daidzein(6)"
144,"Genistein(6)"
145,"Glycitein(6)"
146,"Total isoflavones(6)"
147,"Glycitein(4)"
148,"Cyanidin(1)"
149,"Pelargonidin(1)"
150,"Myricetin(2)"
151,"Cyanidin(6)(7)(8)(9)(10)(11)(12)"
152,"Petunidin(8)"
153,"Delphinidin (7)(8)"
154,"Malvidin(8)"
155,"Pelargonidin(7)(8)"
156,"Peonidin(8)(12)"
157,"(+)-Catechin(6)(8)(9)(11)(13)(14)(15)(16)"
158,"(-)-Epigallocatechin(8)(13)(14)"
159,"(-)-Epicatechin(6)(8)(9)(10)(11)(13)(14)(15)(16)(17)"
160,"(-)-Epicatechin 3-gallate(8)(13)(14)"
161,"(-)-Epigallocatechin 3-gallate(8)(13)(14)"
162,"(+)-Gallocatechin(8)(13)(14)"
163,"Hesperetin(8)"
164,"Naringenin(8)"
165,"Apigenin(7)(8)(18)(19)(20)(21)"
166,"Luteolin(7)(8)(18)(19)(20)(21)(22)"
167,"Kaempferol(7)(15)(18)(19)(20)(21)(22)(23)(24)"
168,"Myricetin(7)(8)(18)(19)(20)(21)(22)(23)"
169,"Quercetin(6)(7)(8)(9)(10)(11)(15)(17)(18)(19)(20)(21)(22)(23)(24)(25)"
170,"Daidzein(26)(27)(28)"
171,"Genistein(26)(27)(28)"
172,"Glycitein(28)"
173,"Total isoflavones(26)(27)(28)"
174,"Cyanidin(4)(5)"
175,"Petunidin(5)"
176,"Delphinidin (4)(5)"
177,"Malvidin(5)"
178,"Pelargonidin(4)(5)"
179,"Peonidin(5)"
180,"(+)-Catechin(5)(6)(7)"
181,"(-)-Epigallocatechin(5)(6)"
182,"(-)-Epicatechin(5)(6)(7)(8)"
183,"(-)-Epicatechin 3-gallate(5)(6)"
184,"(-)-Epigallocatechin 3-gallate(5)(6)"
185,"(+)-Gallocatechin(5)(6)"
186,"Naringenin(5)"
187,"Apigenin(4)(5)"
188,"Luteolin(4)(5)"
189,"Myricetin(4)(5)"
190,"Quercetin(4)(5)(7)(8)(9)(10)"
191,"Daidzein(11)"
192,"Genistein(11)"
193,"Total isoflavones(11)"
194,"Proanthocyanidin monomers(12)"
195,"Proanthocyanidin dimers(12)"
196,"Cyanidin(21)"
197,"(+)-Catechin(22)(23)(24)(25)"
198,"(-)-Epigallocatechin(22)"
199,"(-)-Epicatechin(22)(23)(24)(25)"
200,"(-)-Epicatechin 3-gallate(22)"
201,"(-)-Epigallocatechin 3-gallate(22)"
202,"(+)-Gallocatechin(22)"
203,"Eriodictyol(21)"
204,"Hesperetin(21)"
205,"Naringenin(21)"
206,"Apigenin(26)(27)"
207,"Luteolin(26)(27)"
208,"Kaempferol(26)(27)"
209,"Myricetin(26)(27)"
210,"Quercetin(21)(23)(24)(25)(26)(27)(28)"
211,"Daidzein(29)"
212,"Genistein(29)"
213,"Total isoflavones(29)"
214,"Proanthocyanidin monomers(30)(31)(32)(33)(34)"
215,"Proanthocyanidin dimers(30)(31)(32)(33)(34)"
216,"Proanthocyanidin trimers(30)(33)(34)"
217,"Proanthocyanidin 4-6mers(30)"
218,"Proanthocyanidin 7-10mers(30)"
219,"Proanthocyanidin polymers (>10mers)(30)"
220,"(+)-Catechin(5)"
221,"(-)-Epigallocatechin(5)"
222,"(-)-Epicatechin(5)"
223,"(-)-Epicatechin 3-gallate(5)"
224,"(-)-Epigallocatechin 3-gallate(5)"
225,"(+)-Gallocatechin(5)"
226,"Apigenin(6)"
227,"Myricetin(6)"
228,"Quercetin(6)"
229,"(+)-Catechin(17)(18)(19)(20)(21)(22)"
230,"(-)-Epigallocatechin(17)(18)"
231,"(-)-Epicatechin(17)(18)(19)(20)(21)(22)"
232,"(-)-Epicatechin 3-gallate(17)(18)"
233,"(-)-Epigallocatechin 3-gallate(17)(18)"
234,"(+)-Gallocatechin(17)(18)"
235,"Apigenin(23)(24)"
236,"Luteolin(23)(24)"
237,"Kaempferol(19)(20)(21)(23)(24)(25)"
238,"Myricetin(23)(24)(25)"
239,"Quercetin(19)(20)(21)(23)(24)(25)(26)"
240,"Daidzein(27)(28)"
241,"Genistein(27)(28)"
242,"Total isoflavones(27)(28)"
243,"Proanthocyanidin monomers(29)(30)"
244,"Proanthocyanidin dimers(29)(30)"
245,"Proanthocyanidin trimers(29)(30)"
246,"Daidzein(4)(5)(6)"
247,"Genistein(4)(5)(6)"
248,"Total isoflavones(4)(5)(6)"
249,"Cyanidin(14)"
250,"Petunidin(14)"
251,"Delphinidin (14)"
252,"Malvidin(14)"
253,"Pelargonidin(14)"
254,"Peonidin(14)"
255,"(+)-Catechin(14)(15)(16)"
256,"(-)-Epigallocatechin(14)(15)(16)"
257,"(-)-Epicatechin(14)(15)(16)"
258,"(-)-Epicatechin 3-gallate(14)(15)(16)"
259,"(-)-Epigallocatechin 3-gallate(14)(15)(16)"
260,"(+)-Gallocatechin(14)(15)(16)"
261,"Hesperetin(14)"
262,"Naringenin(14)"
263,"Apigenin(14)(17)"
264,"Luteolin(14)(17)"
265,"Kaempferol(17)"
266,"Myricetin(14)(17)"
267,"Quercetin(14)(17)"
268,"Daidzein(18)(19)"
269,"Genistein(18)(19)"
270,"Total isoflavones(18)(19)"
271,"Petunidin(21)"
272,"Delphinidin (21)"
273,"Malvidin(21)"
274,"Pelargonidin(21)"
275,"Peonidin(21)"
276,"(+)-Catechin(21)(22)(23)(24)"
277,"(-)-Epigallocatechin(21)(22)(23)"
278,"(-)-Epicatechin(21)(22)(23)"
279,"(-)-Epicatechin 3-gallate(21)(22)(23)"
280,"(-)-Epigallocatechin 3-gallate(21)(22)(23)"
281,"(+)-Gallocatechin(21)(22)(23)"
282,"Apigenin(21)(25)"
283,"Luteolin(21)(25)"
284,"Kaempferol(25)(26)(27)"
285,"Myricetin(21)(25)(26)(27)"
286,"Quercetin(21)(25)(26)(27)"
287,"Daidzein(28)(29)(30)"
288,"Genistein(28)(29)(30)"
289,"Glycitein(30)"
290,"Total isoflavones(28)(29)(30)"
291,"Proanthocyanidin monomers(31)(32)"
292,"Proanthocyanidin dimers(31)(32)"
293,"Proanthocyanidin trimers(31)(32)"
294,"Proanthocyanidin 4-6mers(32)"
295,"Proanthocyanidin 7-10mers(32)"
296,"Proanthocyanidin polymers (>10mers)(32)"
297,"Cyanidin(3)(4)(5)(6)"
298,"Petunidin(4)"
299,"Delphinidin (4)"
300,"Malvidin(4)"
301,"Pelargonidin(4)(6)"
302,"Peonidin(4)(6)"
303,"(+)-Catechin(4)(7)(8)(9)(10)"
304,"(-)-Epigallocatechin(4)(7)(8)"
305,"(-)-Epicatechin(4)(7)(8)(9)(10)"
306,"(-)-Epicatechin 3-gallate(4)(7)(8)"
307,"(-)-Epigallocatechin 3-gallate(4)(7)(8)"
308,"(+)-Gallocatechin(4)(7)(8)"
309,"Hesperetin(4)"
310,"Naringenin(4)"
311,"Apigenin(4)(11)"
312,"Luteolin(4)(11)"
313,"Kaempferol(5)(9)(11)(12)(13)"
314,"Myricetin(4)(9)(12)"
315,"Quercetin(4)(5)(9)(11)(12)(13)(14)"
316,"Daidzein(15)"
317,"Genistein(15)"
318,"Total isoflavones(15)"
319,"Proanthocyanidin monomers(16)(17)"
320,"Proanthocyanidin dimers(16)(17)"
321,"Proanthocyanidin trimers(16)(17)"
322,"Proanthocyanidin 4-6mers(17)"
323,"Proanthocyanidin 7-10mers(17)"
324,"Proanthocyanidin polymers (>10mers)(17)"
325,"Cyanidin(5)(6)(7)(8)(9)(10)(11)(12)(13)"
326,"Petunidin(6)(7)(8)(9)(10)(11)(12)(13)"
327,"Delphinidin (5)(6)(7)(8)(9)(10)(11)(12)(13)"
328,"Malvidin(6)(7)(8)(9)(10)(11)(12)(13)"
329,"Pelargonidin(5)(7)"
330,"Peonidin(6)(7)(8)(12)"
331,"(+)-Catechin(7)(14)(15)(16)(17)"
332,"(-)-Epigallocatechin(7)(14)(15)"
333,"(-)-Epicatechin(7)(14)(15)(16)(17)"
334,"(-)-Epicatechin 3-gallate(7)(14)(15)"
335,"(-)-Epigallocatechin 3-gallate(7)(14)(15)"
336,"(+)-Gallocatechin(7)(14)(15)"
337,"Hesperetin(7)"
338,"Naringenin(7)"
339,"Apigenin(5)(7)"
340,"Luteolin(5)(7)"
341,"Kaempferol(5)(10)(13)(16)(18)(19)(20)"
342,"Myricetin(5)(7)(9)(10)(11)(13)(16)(18)(19)(20)(21)"
343,"Quercetin(5)(7)(9)(10)(11)(13)(16)(18)(19)(20)(21)(22)(23)"
344,"Daidzein(24)(25)"
345,"Genistein(24)(25)"
346,"Glycitein(25)"
347,"Total isoflavones(24)(25)"
348,"Proanthocyanidin monomers(26)(27)"
349,"Proanthocyanidin dimers(26)(27)"
350,"Proanthocyanidin trimers(26)(27)"
351,"Proanthocyanidin 4-6mers(27)"
352,"Proanthocyanidin 7-10mers(27)"
353,"Proanthocyanidin polymers (>10mers)(27)"
354,"Cyanidin(1)(2)"
355,"Petunidin(2)"
356,"Delphinidin (1)(2)"
357,"Malvidin(2)"
358,"Peonidin(2)"
359,"Apigenin(1)"
360,"Luteolin(1)"
361,"Kaempferol(1)"
362,"Myricetin(1)(3)"
363,"Quercetin(1)(3)"
364,"Cyanidin(1)(2)(3)"
365,"Peonidin(1)"
366,"(+)-Catechin(4)"
367,"(-)-Epicatechin(4)(5)"
368,"Isorhamnetin(1)"
369,"Kaempferol(1)(6)(7)"
370,"Quercetin(1)(6)(7)"
371,"Quercetin(1)"
372,"Cyanidin(27)(28)(29)(30)(31)(32)(33)"
373,"Petunidin(29)"
374,"Delphinidin (29)"
375,"Malvidin(29)"
376,"Pelargonidin(27)(28)(29)(32)"
377,"Peonidin(27)(28)(29)(30)(31)(32)(33)"
378,"(+)-Catechin(28)(29)(34)(35)(36)"
379,"(-)-Epigallocatechin(29)(34)(35)"
380,"(-)-Epicatechin(28)(29)(32)(34)(35)(36)(37)"
381,"(-)-Epicatechin 3-gallate(29)(34)(35)"
382,"(-)-Epigallocatechin 3-gallate(29)(34)(35)"
383,"(+)-Gallocatechin(29)(34)(35)"
384,"Hesperetin(29)"
385,"Naringenin(29)"
386,"Apigenin(29)(38)(39)"
387,"Luteolin(29)(38)(39)"
388,"Isorhamnetin(31)"
389,"Kaempferol(31)(38)(39)(40)(41)(42)"
390,"Myricetin(29)(38)(39)(40)(41)(42)"
391,"Quercetin(28)(29)(31)(32)(38)(39)(40)(41)(42)(43)(44)"
392,"Daidzein(45)"
393,"Genistein(45)"
394,"Total isoflavones(45)"
395,"Proanthocyanidin monomers(46)(47)"
396,"Proanthocyanidin dimers(46)(47)"
397,"Proanthocyanidin trimers(46)(47)"
398,"Proanthocyanidin 4-6mers(47)"
399,"Proanthocyanidin 7-10mers(47)"
400,"Proanthocyanidin polymers (>10mers)(47)"
401,"Cyanidin(2)(3)(4)"
402,"Delphinidin (2)(3)"
403,"Malvidin(2)(3)"
404,"Pelargonidin(2)(3)"
405,"Peonidin(2)(3)(4)"
406,"(+)-Catechin(2)(5)"
407,"(-)-Epigallocatechin(2)(5)"
408,"(-)-Epicatechin(2)(5)"
409,"(-)-Epicatechin 3-gallate(2)(5)"
410,"(-)-Epigallocatechin 3-gallate(2)(5)"
411,"(+)-Gallocatechin(2)(5)"
412,"Hesperetin(2)"
413,"Kaempferol(4)(6)(7)"
414,"Myricetin(2)(4)(6)(7)(8)(9)"
415,"Quercetin(2)(4)(6)(7)(8)(9)"
416,"Daidzein(10)(11)"
417,"Genistein(10)(11)"
418,"Total isoflavones(10)(11)"
419,"Proanthocyanidin trimers(12)"
420,"Proanthocyanidin 4-6mers(12)"
421,"Proanthocyanidin 7-10mers(12)"
422,"Proanthocyanidin polymers (>10mers)(12)"
423,"Cyanidin(2)"
424,"Delphinidin (2)"
425,"Pelargonidin(2)"
426,"Cyanidin(3)"
427,"Delphinidin (3)"
428,"Pelargonidin(3)"
429,"Myricetin(3)"
430,"Cyanidin(4)"
431,"Pelargonidin(4)"
432,"Peonidin(4)"
433,"(-)-Epigallocatechin(4)"
434,"(-)-Epicatechin(4)"
435,"(-)-Epicatechin 3-gallate(4)"
436,"(-)-Epigallocatechin 3-gallate(4)"
437,"(+)-Gallocatechin(4)"
438,"Apigenin(4)"
439,"Luteolin(4)"
440,"Myricetin(4)"
441,"Daidzein(5)(6)"
442,"Genistein(5)(6)"
443,"Total isoflavones(5)(6)"
444,"Cyanidin(1)(2)(3)(4)"
445,"Pelargonidin(2)(4)"
446,"Isorhamnetin(2)"
447,"Quercetin(1)(2)(3)"
448,"Pelargonidin(1)(2)"
449,"Peonidin(1)(2)"
450,"(+)-Catechin(2)(3)(4)(5)"
451,"(-)-Epigallocatechin(2)(3)"
452,"(-)-Epicatechin(2)(3)(4)(5)"
453,"(-)-Epicatechin 3-gallate(2)(3)"
454,"(-)-Epigallocatechin 3-gallate(2)(3)"
455,"(+)-Gallocatechin(2)(3)"
456,"Apigenin(2)(6)"
457,"Luteolin(2)(6)"
458,"Myricetin(2)(6)"
459,"Quercetin(2)(5)(6)"
460,"Proanthocyanidin monomers(8)(9)"
461,"Proanthocyanidin dimers(8)(9)"
462,"Proanthocyanidin trimers(8)(9)"
463,"Delphinidin (1)"
464,"(+)-Catechin(3)"
465,"(-)-Epigallocatechin(3)"
466,"(-)-Epicatechin(3)"
467,"(-)-Epicatechin 3-gallate(3)"
468,"(-)-Epigallocatechin 3-gallate(3)"
469,"(+)-Gallocatechin(3)"
470,"Kaempferol(4)(5)"
471,"Quercetin(4)(5)"
472,"Cyanidin(11)"
473,"Petunidin(11)"
474,"Delphinidin (11)"
475,"Malvidin(11)"
476,"Pelargonidin(11)"
477,"Peonidin(11)"
478,"(+)-Catechin(11)"
479,"(-)-Epigallocatechin(11)"
480,"(-)-Epicatechin(11)"
481,"(-)-Epicatechin 3-gallate(11)"
482,"(-)-Epigallocatechin 3-gallate(11)"
483,"(+)-Gallocatechin(11)"
484,"Hesperetin(11)(12)"
485,"Naringenin(11)(12)"
486,"Apigenin(11)(12)"
487,"Luteolin(11)(12)"
488,"Kaempferol(12)"
489,"Myricetin(11)(12)"
490,"Quercetin(11)(12)"
491,"Daidzein(13)"
492,"Genistein(13)"
493,"Glycitein(13)"
494,"Total isoflavones(13)"
495,"Proanthocyanidin monomers(14)"
496,"Proanthocyanidin dimers(14)"
497,"Proanthocyanidin trimers(14)"
498,"Proanthocyanidin 4-6mers(14)"
499,"Proanthocyanidin 7-10mers(14)"
500,"Proanthocyanidin polymers (>10mers)(14)"
501,"Cyanidin(5)"
502,"Eriodictyol(5)"
503,"Hesperetin(5)(6)(7)"
504,"Naringenin(5)(6)(7)(8)(9)"
505,"Quercetin(5)(6)"
506,"Daidzein(10)"
507,"Genistein(10)"
508,"Total isoflavones(10)"
509,"Naringenin(1)"
510,"Eriodictyol(2)(3)(4)"
511,"Hesperetin(2)(3)(4)(5)"
512,"Naringenin(2)(3)(4)(5)(6)"
513,"Apigenin(2)(7)"
514,"Luteolin(7)"
515,"Kaempferol(7)"
516,"Myricetin(7)"
517,"Quercetin(2)(5)(7)"
518,"Cyanidin(11)(12)(13)"
519,"Petunidin(13)"
520,"Delphinidin (11)(12)(13)"
521,"Malvidin(11)(13)"
522,"Pelargonidin(12)"
523,"Peonidin(11)(13)"
524,"(-)-Epicatechin(11)(13)"
525,"Apigenin(12)(14)"
526,"Luteolin(12)(14)"
527,"Kaempferol(12)(14)"
528,"Myricetin(12)(13)(14)"
529,"Quercetin(12)(13)(14)"
530,"Proanthocyanidin monomers(15)"
531,"Proanthocyanidin dimers(15)"
532,"Proanthocyanidin trimers(15)"
533,"Proanthocyanidin 4-6mers(15)"
534,"Proanthocyanidin 7-10mers(15)"
535,"Proanthocyanidin polymers (>10mers)(15)"
536,"Delphinidin (5)"
537,"Pelargonidin(5)"
538,"(-)-Epigallocatechin(5)(6)(7)"
539,"(-)-Epicatechin(5)(6)(7)"
540,"(-)-Epicatechin 3-gallate(5)(6)(7)"
541,"(-)-Epigallocatechin 3-gallate(5)(6)(7)"
542,"(+)-Gallocatechin(5)(6)(7)"
543,"Apigenin(5)(8)"
544,"Luteolin(5)(8)(9)"
545,"Kaempferol(8)(9)(10)"
546,"Myricetin(5)(8)(9)(10)"
547,"Quercetin(5)(8)(9)(10)"
548,"Proanthocyanidin monomers(12)(13)"
549,"Proanthocyanidin dimers(12)(13)"
550,"Proanthocyanidin trimers(12)(13)"
551,"Proanthocyanidin 4-6mers(13)"
552,"Proanthocyanidin 7-10mers(13)"
553,"Proanthocyanidin polymers (>10mers)(13)"
554,"Naringenin(3)"
555,"Eriodictyol(3)(4)"
556,"Hesperetin(3)(4)(5)"
557,"Naringenin(3)(5)"
558,"Luteolin(3)(6)"
559,"Kaempferol(6)(7)"
560,"Myricetin(6)(7)"
561,"Quercetin(3)(4)(6)(7)"
562,"Eriodictyol(4)(5)(6)"
563,"Hesperetin(3)(4)(5)(6)"
564,"Naringenin(3)(4)(6)"
565,"Apigenin(4)(7)"
566,"Kaempferol(3)(7)"
567,"Myricetin(3)(7)"
568,"Quercetin(3)(4)(7)"
569,"Daidzein(8)"
570,"Genistein(8)"
571,"Total isoflavones(8)"
572,"Eriodictyol(2)(3)"
573,"Hesperetin(2)(3)(4)"
574,"Hesperetin(1)"
575,"Hesperetin(2)(3)"
576,"Naringenin(2)(3)(4)"
577,"Cyanidin(10)"
578,"Delphinidin (10)"
579,"Pelargonidin(10)"
580,"Apigenin(10)"
581,"Luteolin(10)"
582,"Kaempferol(10)(12)"
583,"Myricetin(10)(12)"
584,"Quercetin(10)(12)"
585,"Daidzein(13)(14)"
586,"Genistein(13)(14)"
587,"Total isoflavones(13)(14)"
588,"Cyanidin(26)"
589,"Petunidin(26)"
590,"Delphinidin (26)"
591,"Malvidin(26)"
592,"Pelargonidin(26)"
593,"Peonidin(26)"
594,"(+)-Catechin(26)(27)"
595,"(-)-Epigallocatechin(26)"
596,"(-)-Epicatechin(26)(27)"
597,"(-)-Epicatechin 3-gallate(26)"
598,"(-)-Epigallocatechin 3-gallate(26)"
599,"(+)-Gallocatechin(26)"
600,"Hesperetin(26)"
601,"Naringenin(26)"
602,"Apigenin(26)(28)(29)"
603,"Luteolin(26)(28)(29)"
604,"Kaempferol(28)(29)(30)"
605,"Myricetin(26)(28)(29)(30)"
606,"Quercetin(26)(28)(29)(30)"
607,"Daidzein(31)(32)(33)"
608,"Genistein(31)(32)(33)"
609,"Glycitein(33)"
610,"Total isoflavones(31)(32)(33)"
611,"Proanthocyanidin monomers(34)"
612,"Proanthocyanidin dimers(34)"
613,"Proanthocyanidin trimers(34)"
614,"Proanthocyanidin 4-6mers(34)"
615,"Proanthocyanidin 7-10mers(34)"
616,"Proanthocyanidin polymers (>10mers)(34)"
617,"Cyanidin(6)"
618,"Petunidin(6)"
619,"Delphinidin (6)"
620,"Malvidin(6)"
621,"Pelargonidin(6)"
622,"Peonidin(6)"
623,"(+)-Catechin(6)"
624,"(-)-Epigallocatechin(6)"
625,"(-)-Epicatechin(6)"
626,"(-)-Epicatechin 3-gallate(6)"
627,"(-)-Epigallocatechin 3-gallate(6)"
628,"(+)-Gallocatechin(6)"
629,"Hesperetin(6)"
630,"Naringenin(6)"
631,"Cyanidin(10)(11)(12)"
632,"Petunidin(10)"
633,"Malvidin(10)"
634,"Peonidin(10)"
635,"(+)-Catechin(10)(11)(13)"
636,"(-)-Epigallocatechin(10)(13)"
637,"(-)-Epicatechin(10)(11)(13)"
638,"(-)-Epicatechin 3-gallate(10)(13)"
639,"(-)-Epigallocatechin 3-gallate(10)(13)"
640,"(+)-Gallocatechin(10)(13)"
641,"Hesperetin(10)"
642,"Naringenin(10)"
643,"Myricetin(10)"
644,"Quercetin(10)(11)"
645,"Proanthocyanidin monomers(15)(16)"
646,"Proanthocyanidin dimers(15)(16)"
647,"Luteolin(18)"
648,"Glycitein(19)"
649,"Hesperetin(9)(10)(11)(12)(13)(14)"
650,"Naringenin(9)(10)(11)(12)(13)(14)"
651,"Apigenin(11)(15)(16)"
652,"Luteolin(11)(15)(16)(17)"
653,"Kaempferol(11)(15)(16)(17)(18)"
654,"Myricetin(11)(15)(16)(17)(18)"
655,"Quercetin(9)(11)(15)(16)(17)(18)"
656,"Daidzein(19)(20)"
657,"Genistein(19)(20)"
658,"Total isoflavones(19)(20)"
659,"Eriodictyol(1)(2)(3)(4)(5)"
660,"Hesperetin(1)(2)(3)(4)(5)(6)(7)(8)(9)(10)(11)(12)(13)(14)(15)"
661,"Naringenin(1)(2)(3)(4)(5)(6)(7)(8)(9)(10)(11)(12)(13)(14)(15)"
662,"Apigenin(2)(16)"
663,"Luteolin(16)"
664,"Kaempferol(16)"
665,"Myricetin(16)"
666,"Quercetin(1)(2)(3)(6)(16)"
667,"Cyanidin(9)"
668,"Eriodictyol(9)"
669,"Hesperetin(9)(10)(11)(12)(13)"
670,"Naringenin(9)(10)(11)(12)(13)"
671,"Quercetin(9)(10)"
672,"Daidzein(14)(15)(16)"
673,"Genistein(14)(15)(16)"
674,"Glycitein(16)"
675,"Total isoflavones(14)(15)(16)"
676,"Hesperetin(9)(10)(11)"
677,"Naringenin(9)(10)(11)"
678,"Hesperetin(8)(9)"
679,"Naringenin(8)(9)"
680,"Kaempferol(10)"
681,"Quercetin(10)"
682,"Naringenin(2)(3)(4)(5)"
683,"Apigenin(2)(3)"
684,"Apigenin(14)"
685,"Luteolin(14)"
686,"Kaempferol(14)(15)"
687,"Myricetin(14)(15)"
688,"Quercetin(14)(15)"
689,"Genistein(16)"
690,"Cyanidin(19)(20)(21)"
691,"Petunidin(19)"
692,"Delphinidin (19)"
693,"Malvidin(19)"
694,"Pelargonidin(19)"
695,"Peonidin(19)"
696,"(+)-Catechin(19)(20)(22)(23)(24)"
697,"(-)-Epigallocatechin(19)(22)(23)"
698,"(-)-Epicatechin(19)(20)(22)(23)(24)"
699,"(-)-Epicatechin 3-gallate(19)(22)(23)"
700,"(-)-Epigallocatechin 3-gallate(19)(22)(23)"
701,"(+)-Gallocatechin(19)(22)(23)"
702,"Hesperetin(19)"
703,"Naringenin(19)"
704,"Apigenin(19)(25)(26)"
705,"Luteolin(19)(25)(26)(27)"
706,"Myricetin(19)(25)(26)(27)"
707,"Quercetin(19)(20)(25)(26)(27)"
708,"Proanthocyanidin monomers(31)(32)(33)"
709,"Proanthocyanidin dimers(31)(32)(33)"
710,"Cyanidin(19)"
711,"(+)-Catechin(19)(20)(21)(22)(23)"
712,"(-)-Epigallocatechin(19)(21)(22)"
713,"(-)-Epicatechin(19)(20)(21)(22)(23)(24)"
714,"(-)-Epicatechin 3-gallate(19)(21)(22)"
715,"(-)-Epigallocatechin 3-gallate(19)(21)(22)"
716,"(+)-Gallocatechin(19)(21)(22)"
717,"Luteolin(19)(25)(26)"
718,"Isorhamnetin(24)"
719,"Quercetin(19)(24)(25)(26)(27)"
720,"Daidzein(28)(29)"
721,"Genistein(28)(29)"
722,"Total isoflavones(28)(29)"
723,"Luteolin(5)(8)"
724,"Kaempferol(8)(9)"
725,"Myricetin(5)(8)(9)"
726,"Quercetin(5)(8)(9)"
727,"Cyanidin(17)(18)(19)(20)"
728,"Petunidin(17)"
729,"Delphinidin (17)"
730,"Malvidin(17)"
731,"Pelargonidin(17)"
732,"Peonidin(17)(18)(19)"
733,"(+)-Catechin(17)(21)(22)(23)"
734,"(-)-Epigallocatechin(17)(21)(22)"
735,"(-)-Epicatechin(17)(21)(22)(23)"
736,"(-)-Epicatechin 3-gallate(17)(21)(22)"
737,"(-)-Epigallocatechin 3-gallate(17)(21)(22)"
738,"(+)-Gallocatechin(17)(21)(22)"
739,"Hesperetin(17)"
740,"Naringenin(17)"
741,"Apigenin(17)(24)(25)"
742,"Luteolin(17)(24)(25)"
743,"Kaempferol(24)(25)"
744,"Myricetin(17)(24)(25)"
745,"Quercetin(17)(18)(24)(25)(26)"
746,"Proanthocyanidin dimers(29)(30)(31)"
747,"Proanthocyanidin 4-6mers(29)"
748,"Proanthocyanidin 7-10mers(29)"
749,"Proanthocyanidin polymers (>10mers)(29)"
750,"Isorhamnetin(3)"
751,"Cyanidin(22)(23)"
752,"Petunidin(23)"
753,"Delphinidin (22)(23)"
754,"Malvidin(23)"
755,"Pelargonidin(22)(23)"
756,"Peonidin(23)"
757,"(+)-Catechin(23)"
758,"(-)-Epigallocatechin(23)"
759,"(-)-Epicatechin(23)"
760,"(-)-Epicatechin 3-gallate(23)"
761,"(-)-Epigallocatechin 3-gallate(23)"
762,"(+)-Gallocatechin(23)"
763,"Hesperetin(23)"
764,"Naringenin(23)"
765,"Apigenin(22)(23)"
766,"Luteolin(22)(23)"
767,"Kaempferol(22)"
768,"Myricetin(22)(23)"
769,"Quercetin(22)(23)"
770,"Daidzein(24)(25)(26)"
771,"Genistein(24)(25)(26)"
772,"Glycitein(26)"
773,"Total isoflavones(24)(25)(26)"
774,"Proanthocyanidin monomers(27)"
775,"Proanthocyanidin dimers(27)"
776,"Proanthocyanidin trimers(27)"
777,"(+)-Catechin(1)"
778,"(-)-Epigallocatechin(1)"
779,"(-)-Epicatechin(1)"
780,"(-)-Epicatechin 3-gallate(1)"
781,"(-)-Epigallocatechin 3-gallate(1)"
782,"(+)-Gallocatechin(1)"
783,"Cyanidin(21)(22)"
784,"Petunidin(22)"
785,"Delphinidin (21)(22)"
786,"Malvidin(22)"
787,"Pelargonidin(21)(22)"
788,"Peonidin(22)"
789,"(+)-Catechin(22)(23)"
790,"(-)-Epigallocatechin(22)(23)"
791,"(-)-Epicatechin(22)(23)"
792,"(-)-Epicatechin 3-gallate(22)(23)"
793,"(-)-Epigallocatechin 3-gallate(22)(23)"
794,"(+)-Gallocatechin(22)(23)"
795,"Hesperetin(22)"
796,"Naringenin(22)"
797,"Apigenin(21)(22)"
798,"Luteolin(21)(22)"
799,"Kaempferol(21)"
800,"Myricetin(21)(22)"
801,"Quercetin(21)(22)"
802,"Cyanidin(8)(9)(10)(11)(12)(13)"
803,"Petunidin(9)(10)"
804,"Delphinidin (8)(9)(10)"
805,"Malvidin(9)(10)"
806,"Pelargonidin(9)(10)(11)(12)(13)"
807,"Peonidin(9)(10)"
808,"(+)-Catechin(9)(11)(14)(15)(16)"
809,"(-)-Epigallocatechin(9)(14)(15)"
810,"(-)-Epicatechin(9)(11)(14)(15)(16)"
811,"(-)-Epicatechin 3-gallate(9)(14)(15)"
812,"(-)-Epigallocatechin 3-gallate(9)(14)(15)"
813,"(+)-Gallocatechin(9)(14)(15)"
814,"Hesperetin(9)"
815,"Naringenin(9)"
816,"Apigenin(9)(17)"
817,"Luteolin(9)(17)"
818,"Isorhamnetin(11)"
819,"Kaempferol(11)(12)(17)(18)(19)"
820,"Myricetin(9)(18)"
821,"Quercetin(9)(11)(12)(17)(18)(19)(20)(21)(22)(23)"
822,"Proanthocyanidin monomers(27)(28)"
823,"Proanthocyanidin dimers(27)(28)"
824,"Proanthocyanidin trimers(27)(28)"
825,"Proanthocyanidin 4-6mers(28)"
826,"Proanthocyanidin 7-10mers(28)"
827,"Proanthocyanidin polymers (>10mers)(28)"
828,"(+)-Catechin(2)"
829,"(-)-Epigallocatechin(2)"
830,"(-)-Epicatechin(2)"
831,"(-)-Epicatechin 3-gallate(2)"
832,"(-)-Epigallocatechin 3-gallate(2)"
833,"(+)-Gallocatechin(2)"
834,"Myricetin(1)"
835,"Cyanidin(33)(34)(35)(36)(37)(38)(39)(40)(41)(42)(43)(44)"
836,"Petunidin(37)(38)(44)"
837,"Delphinidin (35)(37)(38)"
838,"Malvidin(37)(38)"
839,"Pelargonidin(33)(34)(36)(37)(38)(39)(40)(41)(42)(43)(44)"
840,"Peonidin(37)(38)"
841,"(+)-Catechin(37)(39)(41)(45)(46)(47)(48)(49)"
842,"(-)-Epigallocatechin(37)(45)(47)"
843,"(-)-Epicatechin(37)(39)(41)(45)(46)(47)(49)"
844,"(-)-Epicatechin 3-gallate(37)(45)(47)"
845,"(-)-Epigallocatechin 3-gallate(37)(45)(47)"
846,"(+)-Gallocatechin(37)(45)(47)"
847,"Hesperetin(37)"
848,"Naringenin(37)(48)"
849,"Apigenin(35)(37)(50)(51)(52)"
850,"Luteolin(35)(37)(50)(51)(52)(53)"
851,"Isorhamnetin(39)"
852,"Kaempferol(33)(35)(39)(41)(42)(43)(46)(48)(50)(51)(52)(53)(54)(55)(56)(57)(58)"
853,"Myricetin(35)(37)(50)(52)(53)(55)(58)"
854,"Quercetin(33)(35)(37)(39)(41)(43)(46)(48)(50)(51)(52)(53)(54)(55)(56)(57)(58)"
855,"Daidzein(59)(60)(61)(62)"
856,"Genistein(59)(60)(61)(62)"
857,"Glycitein(62)"
858,"Total isoflavones(59)(60)(61)(62)"
859,"Proanthocyanidin monomers(63)(64)"
860,"Proanthocyanidin dimers(63)(64)"
861,"Proanthocyanidin trimers(63)(64)"
862,"Proanthocyanidin 4-6mers(64)"
863,"Proanthocyanidin 7-10mers(64)"
864,"Proanthocyanidin polymers (>10mers)(64)"
865,"Cyanidin(3)(4)(5)"
866,"Pelargonidin(3)(4)(5)"
867,"Kaempferol(3)(5)(6)(7)"
868,"Myricetin(3)(5)"
869,"Quercetin(3)(6)(7)"
870,"Cyanidin(24)"
871,"Petunidin(24)"
872,"Delphinidin (24)"
873,"Malvidin(24)"
874,"Pelargonidin(24)"
875,"Peonidin(24)"
876,"(+)-Catechin(24)"
877,"(-)-Epigallocatechin(24)"
878,"(-)-Epicatechin(24)"
879,"(-)-Epicatechin 3-gallate(24)"
880,"(-)-Epigallocatechin 3-gallate(24)"
881,"(+)-Gallocatechin(24)"
882,"Hesperetin(24)"
883,"Naringenin(24)"
884,"Apigenin(24)(25)(26)"
885,"Luteolin(24)(25)(26)(27)"
886,"Kaempferol(25)(26)(27)(28)"
887,"Myricetin(24)(25)(26)(27)(28)"
888,"Quercetin(24)(25)(26)(27)(28)"
889,"Daidzein(29)(30)(31)"
890,"Genistein(29)(30)(31)"
891,"Glycitein(31)"
892,"Total isoflavones(29)(30)(31)"
893,"Proanthocyanidin monomers(32)"
894,"Proanthocyanidin dimers(32)"
895,"Proanthocyanidin trimers(32)"
896,"(+)-Catechin(12)"
897,"(-)-Epigallocatechin(12)"
898,"(-)-Epicatechin(12)"
899,"(-)-Epicatechin 3-gallate(12)"
900,"(-)-Epigallocatechin 3-gallate(12)"
901,"(+)-Gallocatechin(12)"
902,"Apigenin(13)"
903,"Luteolin(13)"
904,"Kaempferol(13)"
905,"Myricetin(13)"
906,"Quercetin(13)"
907,"Cyanidin(2)(3)"
908,"Petunidin(3)"
909,"Malvidin(3)"
910,"Peonidin(3)"
911,"Daidzein(3)(4)(5)(6)"
912,"Genistein(3)(4)(5)(6)"
913,"Glycitein(4)(6)"
914,"Total isoflavones(3)(4)(5)(6)"
915,"Naringenin(1)(2)"
916,"Apigenin(1)(2)(3)(4)"
917,"Luteolin(1)(2)(4)"
918,"Isorhamnetin(4)"
919,"Myricetin(5)"
920,"Quercetin(4)(5)(6)(7)(8)"
921,"Daidzein(9)(10)"
922,"Genistein(9)(10)"
923,"Total isoflavones(9)(10)"
924,"Daidzein(2)(3)(4)(5)(6)"
925,"Genistein(2)(3)(4)(5)(6)"
926,"Glycitein(5)(6)"
927,"Total isoflavones(2)(4)(5)(6)"
928,"(+)-Catechin(10)(11)"
929,"(-)-Epigallocatechin(10)(11)"
930,"(-)-Epicatechin(10)(11)"
931,"(-)-Epicatechin 3-gallate(10)(11)"
932,"(-)-Epigallocatechin 3-gallate(10)(11)"
933,"(+)-Gallocatechin(10)(11)"
934,"Apigenin(12)(13)"
935,"Luteolin(12)(13)(14)"
936,"Kaempferol(12)(13)(14)(15)(16)(17)"
937,"Myricetin(12)(13)(14)(16)"
938,"Quercetin(12)(13)(14)(15)(16)(17)(18)(19)"
939,"Daidzein(20)(21)(22)"
940,"Genistein(20)(21)(22)"
941,"Total isoflavones(20)(21)(22)"
942,"Glycitein(5)"
943,"Kaempferol(3)(4)"
944,"Quercetin(3)(4)"
945,"Apigenin(3)(4)"
946,"Luteolin(3)(4)"
947,"Myricetin(3)(4)"
948,"Apigenin(10)(12)(13)(14)(15)"
949,"Luteolin(10)(12)(13)(14)(15)(16)(17)"
950,"Kaempferol(12)(13)(14)(15)(16)(17)(18)(19)(20)(21)(22)(23)"
951,"Myricetin(10)(12)(13)(14)(15)(16)(21)"
952,"Quercetin(10)(12)(13)(14)(15)(16)(18)(19)(20)(21)(22)(23)"
953,"Daidzein(24)"
954,"Genistein(24)"
955,"Total isoflavones(24)"
956,"Proanthocyanidin monomers(25)"
957,"Proanthocyanidin dimers(25)"
958,"Proanthocyanidin trimers(25)"
959,"Proanthocyanidin 4-6mers(25)"
960,"Proanthocyanidin 7-10mers(25)"
961,"Proanthocyanidin polymers (>10mers)(25)"
962,"Cyanidin(7)"
963,"Petunidin(7)"
964,"Delphinidin (7)"
965,"Malvidin(7)"
966,"Pelargonidin(7)"
967,"Peonidin(7)"
968,"(+)-Catechin(7)"
969,"(-)-Epigallocatechin(7)"
970,"(-)-Epicatechin(7)"
971,"(-)-Epicatechin 3-gallate(7)"
972,"(-)-Epigallocatechin 3-gallate(7)"
973,"(+)-Gallocatechin(7)"
974,"Apigenin(7)"
975,"Quercetin(7)(8)(9)"
976,"Glycitein(10)"
977,"Proanthocyanidin monomers(11)"
978,"Proanthocyanidin dimers(11)"
979,"Proanthocyanidin trimers(11)"
980,"Proanthocyanidin 4-6mers(11)"
981,"Proanthocyanidin 7-10mers(11)"
982,"Proanthocyanidin polymers (>10mers)(11)"
983,"Hesperetin(3)"
984,"Apigenin(6)(7)"
985,"Luteolin(5)(6)(7)"
986,"Kaempferol(5)(6)(7)(8)"
987,"Quercetin(5)(6)(7)(8)"
988,"Daidzein(9)"
989,"Genistein(9)"
990,"Total isoflavones(9)"
991,"Apigenin(8)(9)(10)(11)"
992,"Luteolin(8)(9)(10)(11)(12)(13)"
993,"Kaempferol(8)(9)(10)(11)(12)(13)(14)(15)"
994,"Myricetin(8)(9)(10)(11)(12)"
995,"Quercetin(8)(9)(10)(11)(12)(13)(14)(15)(16)"
996,"Daidzein(17)(18)(19)"
997,"Genistein(17)(18)(19)"
998,"Total isoflavones(17)(18)(19)"
999,"Apigenin(3)(4)(7)(8)(9)"
1000,"Luteolin(4)(7)(8)(9)"
1001,"Kaempferol(3)(4)(7)(8)(9)(10)"
1002,"Myricetin(4)(7)(8)(9)"
1003,"Quercetin(3)(4)(7)(8)(9)(10)"
1004,"Apigenin(2)(3)(4)(5)(6)"
1005,"Luteolin(2)(3)(4)(5)(6)"
1006,"Kaempferol(2)(3)(4)(5)(6)(7)"
1007,"Myricetin(2)(3)(4)(5)"
1008,"Quercetin(2)(3)(4)(5)(6)"
1009,"Kaempferol(1)(2)"
1010,"Myricetin(1)(2)"
1011,"Quercetin(1)(2)"
1012,"(+)-Catechin(19)(20)"
1013,"(-)-Epigallocatechin(19)(20)"
1014,"(-)-Epicatechin(19)(20)"
1015,"(-)-Epicatechin 3-gallate(19)(20)"
1016,"(-)-Epigallocatechin 3-gallate(19)(20)"
1017,"(+)-Gallocatechin(19)(20)"
1018,"Apigenin(21)(22)(23)"
1019,"Luteolin(21)(22)(23)(24)"
1020,"Isorhamnetin(25)"
1021,"Kaempferol(21)(22)(23)(24)(25)(26)"
1022,"Myricetin(21)(22)(23)(24)(25)(26)"
1023,"Quercetin(21)(22)(23)(24)(25)(26)"
1024,"Daidzein(27)(28)(29)"
1025,"Genistein(27)(28)(29)"
1026,"Glycitein(29)"
1027,"Total isoflavones(27)(28)(29)"
1028,"Proanthocyanidin monomers(30)(31)"
1029,"Proanthocyanidin dimers(30)(31)"
1030,"Proanthocyanidin trimers(30)(31)"
1031,"Proanthocyanidin 4-6mers(31)"
1032,"Proanthocyanidin 7-10mers(31)"
1033,"Proanthocyanidin polymers (>10mers)(31)"
1034,"Daidzein(7)(8)"
1035,"Genistein(7)(8)"
1036,"Glycitein(8)"
1037,"Total isoflavones(7)(8)"
1038,"Apigenin(4)(5)(6)"
1039,"Luteolin(4)(5)(6)(7)"
1040,"Kaempferol(4)(5)(6)(7)(8)"
1041,"Myricetin(4)(5)(6)"
1042,"Apigenin(4)(5)(6)(7)(8)(9)"
1043,"Luteolin(4)(5)(6)(7)(8)(9)"
1044,"Myricetin(4)(10)"
1045,"Quercetin(4)(10)(11)"
1046,"Daidzein(12)"
1047,"Genistein(12)"
1048,"Total isoflavones(12)"
1049,"Proanthocyanidin monomers(13)"
1050,"Proanthocyanidin dimers(13)"
1051,"Proanthocyanidin trimers(13)"
1052,"Apigenin(1)(3)"
1053,"Luteolin(1)(3)(4)"
1054,"Kaempferol(1)(3)"
1055,"Quercetin(1)(3)(4)"
1056,"Apigenin(1)(2)"
1057,"Luteolin(1)(2)"
1058,"Isorhamnetin(1)(2)"
1059,"Kaempferol(1)(2)(3)"
1060,"Daidzein(3)(4)"
1061,"Genistein(3)(4)"
1062,"Total isoflavones(3)(4)"
1063,"Apigenin(5)(6)(7)"
1064,"Luteolin(5)(6)(7)(8)"
1065,"Isorhamnetin(9)"
1066,"Kaempferol(5)(6)(7)(8)(9)(10)"
1067,"Myricetin(5)(6)(7)(8)(9)(10)"
1068,"Quercetin(5)(6)(7)(8)(9)(10)"
1069,"Daidzein(4)(5)"
1070,"Genistein(4)(5)"
1071,"Total isoflavones(4)(5)"
1072,"Kaempferol(2)(3)(4)"
1073,"Luteolin(4)(6)"
1074,"Isorhamnetin(7)"
1075,"Kaempferol(4)(5)(6)(7)(8)(9)(10)"
1076,"Myricetin(4)(6)"
1077,"Quercetin(4)(5)(6)(7)(8)(9)(10)"
1078,"Luteolin(2)(3)"
1079,"Myricetin(2)(3)(7)"
1080,"Quercetin(2)(3)(4)(5)(7)"
1081,"Quercetin(3)(4)(5)"
1082,"Cyanidin(3)(4)"
1083,"Luteolin(3)(4)(5)"
1084,"Cyanidin(13)(14)"
1085,"(+)-Catechin(14)(15)"
1086,"(-)-Epigallocatechin(14)(15)"
1087,"(-)-Epicatechin(14)(15)"
1088,"(-)-Epicatechin 3-gallate(14)(15)"
1089,"(-)-Epigallocatechin 3-gallate(14)(15)"
1090,"(+)-Gallocatechin(14)(15)"
1091,"Apigenin(14)(16)(17)(18)"
1092,"Luteolin(13)(14)(16)(17)(18)"
1093,"Kaempferol(16)(17)(18)(19)"
1094,"Myricetin(14)(16)(17)(18)"
1095,"Quercetin(13)(14)(16)(17)(18)(19)(20)(21)"
1096,"Daidzein(22)(23)"
1097,"Genistein(22)(23)"
1098,"Total isoflavones(22)(23)"
1099,"Proanthocyanidin monomers(24)"
1100,"Proanthocyanidin dimers(24)"
1101,"Proanthocyanidin trimers(24)"
1102,"Proanthocyanidin 4-6mers(24)"
1103,"Proanthocyanidin 7-10mers(24)"
1104,"Proanthocyanidin polymers (>10mers)(24)"
1105,"Cyanidin(4)(5)(6)"
1106,"Apigenin(4)(6)(7)(8)(9)"
1107,"Luteolin(4)(5)(6)(7)(8)(10)"
1108,"Kaempferol(4)(7)(8)(9)(10)(11)(12)(13)"
1109,"Myricetin(6)(7)(8)(10)(12)(13)"
1110,"Quercetin(4)(5)(6)(7)(8)(9)(10)(11)(12)(13)(14)"
1111,"(+)-Catechin(14)"
1112,"(-)-Epigallocatechin(14)"
1113,"(-)-Epicatechin(14)"
1114,"(-)-Epicatechin 3-gallate(14)"
1115,"(-)-Epigallocatechin 3-gallate(14)"
1116,"(+)-Gallocatechin(14)"
1117,"Apigenin(15)"
1118,"Luteolin(15)"
1119,"Kaempferol(15)"
1120,"Myricetin(15)"
1121,"Quercetin(15)"
1122,"Daidzein(16)(17)"
1123,"Total isoflavones(16)(17)"
1124,"(+)-Catechin(11)(12)"
1125,"(-)-Epigallocatechin(11)(12)"
1126,"(-)-Epicatechin(11)(12)"
1127,"(-)-Epicatechin 3-gallate(11)(12)"
1128,"(-)-Epigallocatechin 3-gallate(11)(12)"
1129,"(+)-Gallocatechin(11)(12)"
1130,"Apigenin(13)(14)(15)(16)"
1131,"Luteolin(13)(14)(15)(16)(17)"
1132,"Isorhamnetin(18)(19)"
1133,"Kaempferol(13)(14)(15)(16)(17)(20)(21)(22)(23)"
1134,"Myricetin(13)(14)(15)(16)(17)(23)"
1135,"Quercetin(13)(14)(15)(16)(17)(18)(19)(20)(21)(22)(23)(24)(25)(26)(27)(28)(29)(30)"
1136,"Daidzein(31)(32)"
1137,"Genistein(31)(32)"
1138,"Total isoflavones(31)(32)"
1139,"Proanthocyanidin monomers(33)"
1140,"Proanthocyanidin dimers(33)"
1141,"Proanthocyanidin trimers(33)"
1142,"Proanthocyanidin 4-6mers(33)"
1143,"Proanthocyanidin 7-10mers(33)"
1144,"Proanthocyanidin polymers (>10mers)(33)"
1145,"Kaempferol(4)(5)(6)"
1146,"Myricetin(3)(4)(6)"
1147,"Quercetin(3)(4)(5)(6)(7)"
1148,"Apigenin(4)(5)(6)(7)(8)"
1149,"Luteolin(4)(6)(7)(9)"
1150,"Kaempferol(4)(5)(6)(7)(8)(9)"
1151,"Myricetin(7)(9)"
1152,"Quercetin(4)(5)(7)(9)"
1153,"Apigenin(6)(8)(9)"
1154,"Luteolin(6)(8)(9)(10)(11)(12)"
1155,"Kaempferol(6)(8)(9)(10)(13)"
1156,"Myricetin(8)(9)(10)(13)"
1157,"Quercetin(6)(8)(9)(10)(11)(12)(13)"
1158,"Daidzein(14)(15)"
1159,"Genistein(14)(15)"
1160,"Total isoflavones(14)(15)"
1161,"(+)-Catechin(3)(4)"
1162,"(-)-Epigallocatechin(3)(4)"
1163,"(-)-Epicatechin(3)(4)"
1164,"(-)-Epicatechin 3-gallate(3)(4)"
1165,"(-)-Epigallocatechin 3-gallate(3)(4)"
1166,"(+)-Gallocatechin(3)(4)"
1167,"Apigenin(3)(5)"
1168,"Luteolin(3)(5)(6)"
1169,"Kaempferol(5)(6)(7)"
1170,"Myricetin(3)(5)(6)"
1171,"Quercetin(3)(5)(6)(7)"
1172,"Daidzein(8)(9)"
1173,"Genistein(8)(9)"
1174,"Total isoflavones(8)(9)"
1175,"Apigenin(4)(6)(7)"
1176,"Luteolin(4)(6)(7)"
1177,"Kaempferol(6)(7)(8)"
1178,"Myricetin(4)(6)(7)"
1179,"Quercetin(4)(6)(7)(8)"
1180,"Myricetin(2)(3)"
1181,"Quercetin(2)(3)(4)"
1182,"Kaempferol(5)(6)"
1183,"Myricetin(5)(6)"
1184,"Daidzein(2)(3)(4)(5)(6)(7)(8)"
1185,"Genistein(2)(3)(4)(5)(6)(7)(8)"
1186,"Glycitein(2)(4)(5)(6)(8)"
1187,"Total isoflavones(2)(3)(4)(5)(6)(7)(8)"
1188,"Apigenin(6)(7)(8)(9)"
1189,"Luteolin(6)(7)(8)(9)(10)"
1190,"Kaempferol(6)(7)(8)(9)(10)(11)(12)"
1191,"Myricetin(6)(7)(8)(9)(10)(11)"
1192,"Quercetin(6)(7)(8)(9)(10)(11)(12)"
1193,"Daidzein(13)(14)(15)"
1194,"Genistein(13)(14)(15)"
1195,"Glycitein(15)"
1196,"Total isoflavones(13)(14)(15)"
1197,"Apigenin(8)"
1198,"Luteolin(8)"
1199,"Kaempferol(8)"
1200,"Myricetin(8)"
1201,"Quercetin(8)"
1202,"(+)-Catechin(10)(11)(12)"
1203,"(-)-Epigallocatechin(10)(11)(12)"
1204,"(-)-Epicatechin(10)(11)(12)"
1205,"(-)-Epicatechin 3-gallate(10)(11)(12)"
1206,"(-)-Epigallocatechin 3-gallate(10)(11)(12)"
1207,"(+)-Gallocatechin(10)(11)(12)"
1208,"Naringenin(10)(13)"
1209,"Apigenin(10)(14)(15)(16)(17)"
1210,"Luteolin(10)(14)(15)(16)(17)(18)(19)"
1211,"Isorhamnetin(20)"
1212,"Kaempferol(14)(15)(16)(17)(18)(19)(20)(21)(22)"
1213,"Myricetin(10)(14)(15)(16)(17)(19)(20)(21)(23)"
1214,"Quercetin(10)(13)(14)(15)(16)(17)(18)(19)(20)(21)(22)(23)(24)"
1215,"Daidzein(25)(26)(27)"
1216,"Genistein(25)(26)(27)"
1217,"Glycitein(27)"
1218,"Total isoflavones(25)(26)(27)"
1219,"Proanthocyanidin monomers(28)(29)"
1220,"Proanthocyanidin dimers(28)(29)"
1221,"Proanthocyanidin trimers(28)(29)"
1222,"(+)-Catechin(6)(7)"
1223,"(-)-Epigallocatechin(6)(7)"
1224,"(-)-Epicatechin(6)(7)"
1225,"(-)-Epicatechin 3-gallate(6)(7)"
1226,"(-)-Epigallocatechin 3-gallate(6)(7)"
1227,"(+)-Gallocatechin(6)(7)"
1228,"Kaempferol(5)(8)(10)"
1229,"Myricetin(8)(10)"
1230,"Quercetin(5)(8)(10)"
1231,"Proanthocyanidin monomers(11)(12)"
1232,"Proanthocyanidin dimers(11)(12)"
1233,"Proanthocyanidin trimers(11)(12)"
1234,"Apigenin(11)"
1235,"Luteolin(11)"
1236,"Kaempferol(11)(12)"
1237,"Myricetin(11)"
1238,"Quercetin(11)(12)(13)"
1239,"Eriodictyol(1)"
1240,"Daidzein(6)(7)(8)"
1241,"Genistein(6)(7)(8)"
1242,"Total isoflavones(6)(7)(8)"
1243,"(-)-Epigallocatechin(10)"
1244,"(-)-Epicatechin 3-gallate(10)"
1245,"(-)-Epigallocatechin 3-gallate(10)"
1246,"(+)-Gallocatechin(10)"
1247,"Eriodictyol(11)"
1248,"Naringenin(10)(11)(12)"
1249,"Isorhamnetin(11)(12)"
1250,"Cyanidin(8)"
1251,"Delphinidin (8)"
1252,"Pelargonidin(8)"
1253,"Peonidin(8)"
1254,"Cyanidin(5)(6)"
1255,"Daidzein(6)(7)"
1256,"Genistein(6)(7)"
1257,"Total isoflavones(6)(7)"
1258,"(+)-Catechin(4)(5)(6)(7)(8)(9)"
1259,"(-)-Epigallocatechin(5)(7)"
1260,"(-)-Epicatechin(5)(6)(7)(8)(9)"
1261,"(-)-Epicatechin 3-gallate(5)(7)"
1262,"(-)-Epigallocatechin 3-gallate(5)(7)"
1263,"(+)-Gallocatechin(5)(7)"
1264,"Kaempferol(4)(10)"
1265,"Quercetin(4)(6)(9)(10)"
1266,"Proanthocyanidin monomers(12)(13)(14)(15)"
1267,"Proanthocyanidin dimers(12)(13)(14)(15)"
1268,"Proanthocyanidin trimers(12)(13)(15)"
1269,"Cyanidin(3)(4)(5)(6)(7)(8)(9)"
1270,"Petunidin(3)(4)(6)(7)(8)(9)(10)(11)"
1271,"Delphinidin (3)(4)(6)(7)(8)(9)(10)(11)"
1272,"Malvidin(3)(4)(5)(6)(7)(8)(9)(10)(11)(12)"
1273,"Peonidin(3)(4)(6)(7)(8)(9)(10)(11)"
1274,"(+)-Catechin(5)(7)(10)(11)(12)(13)(14)(15)(16)(17)(18)(19)(20)(21)(22)(23)"
1275,"(-)-Epigallocatechin(14)(16)"
1276,"(-)-Epicatechin(3)(5)(7)(10)(11)(12)(14)(15)(16)(17)(18)(19)(20)(21)(22)(23)"
1277,"(-)-Epigallocatechin 3-gallate(14)(16)"
1278,"(+)-Gallocatechin(14)(16)"
1279,"Hesperetin(13)"
1280,"Naringenin(13)"
1281,"Apigenin(6)(24)(25)"
1282,"Isorhamnetin(26)(27)(28)(29)(30)"
1283,"Kaempferol(7)(13)(20)(21)(22)(24)(25)(26)(27)(28)(29)(30)(31)(32)"
1284,"Myricetin(5)(6)(7)(13)(19)(20)(21)(22)(24)(25)(26)(27)(28)(29)(30)(31)(32)(33)"
1285,"Quercetin(5)(6)(7)(11)(13)(18)(19)(20)(21)(22)(23)(24)(25)(26)(27)(28)(29)(30)(31)(32)(33)(34)"
1286,"Proanthocyanidin monomers(35)"
1287,"Proanthocyanidin dimers(35)(36)(37)(38)(39)(40)(41)(42)"
1288,"Proanthocyanidin trimers(36)(37)(39)(40)(41)"
1289,"Proanthocyanidin 4-6mers(39)"
1290,"Proanthocyanidin 7-10mers(39)"
1291,"Proanthocyanidin polymers (>10mers)(39)"
1292,"Petunidin(2)(3)"
1293,"Peonidin(2)(3)"
1294,"Isorhamnetin(4)(5)"
1295,"Malvidin(3)(4)"
1296,"(+)-Catechin(3)(4)(5)(6)(7)(8)(9)(10)"
1297,"(-)-Epigallocatechin(7)(9)"
1298,"(-)-Epicatechin(3)(4)(6)(7)(8)(9)(10)"
1299,"(-)-Epicatechin 3-gallate(7)(9)"
1300,"(-)-Epigallocatechin 3-gallate(7)(9)"
1301,"(+)-Gallocatechin(7)(9)"
1302,"Isorhamnetin(12)(13)(14)"
1303,"Kaempferol(5)(10)(11)(12)(13)(14)(15)"
1304,"Myricetin(3)(5)(10)(11)(12)(13)(14)(15)"
1305,"Quercetin(3)(5)(8)(10)(11)(12)(13)(14)(15)"
1306,"Proanthocyanidin monomers(17)(18)(19)"
1307,"Proanthocyanidin dimers(17)(18)(19)(20)"
1308,"Proanthocyanidin trimers(18)(20)"
1309,"(-)-Epicatechin(2)(3)"
1310,"(+)-Catechin(9)(10)"
1311,"(-)-Epigallocatechin(9)(10)"
1312,"(-)-Epicatechin(9)(10)"
1313,"(-)-Epicatechin 3-gallate(9)(10)"
1314,"(-)-Epigallocatechin 3-gallate(9)(10)"
1315,"(+)-Gallocatechin(9)(10)"
1316,"Kaempferol(11)"
1317,"Quercetin(11)"
1318,"Daidzein(12)(13)"
1319,"Genistein(12)(13)"
1320,"Total isoflavones(12)(13)"
1321,"Cyanidin(8)(9)"
1322,"Petunidin(9)"
1323,"Delphinidin (8)(9)"
1324,"Malvidin(9)"
1325,"Peonidin(9)"
1326,"(+)-Catechin(10)"
1327,"(-)-Epicatechin(9)"
1328,"Myricetin(8)(9)(10)"
1329,"Quercetin(8)(9)(10)"
1330,"Glycitein(11)"
1331,"Theaflavin(1)"
1332,"Thearubigins(1)"
1333,"Theaflavin-3,3'-digallate(1)"
1334,"Theaflavin-3'-gallate(1)"
1335,"(+)-Catechin(5)(6)(7)(8)(9)"
1336,"(-)-Epigallocatechin(5)(6)(7)(8)(9)(10)(11)(12)(13)(14)"
1337,"(-)-Epicatechin(5)(6)(7)(8)(9)(10)(11)(12)(13)(14)"
1338,"(-)-Epicatechin 3-gallate(5)(6)(7)(8)(9)(10)(11)(12)(13)(14)"
1339,"(-)-Epigallocatechin 3-gallate(5)(6)(7)(8)(9)(10)(11)(12)(13)(14)"
1340,"Theaflavin(7)(14)(15)"
1341,"Thearubigins(13)(14)"
1342,"Theaflavin-3,3'-digallate(7)(14)(15)"
1343,"Theaflavin-3'-gallate(7)(14)(15)"
1344,"Apigenin(16)"
1345,"Kaempferol(9)(13)(14)(16)(17)(18)(19)"
1346,"Myricetin(9)(14)(16)(17)(19)"
1347,"Quercetin(9)(13)(14)(16)(17)(18)(19)"
1348,"Daidzein(20)(21)"
1349,"Genistein(20)(21)"
1350,"Glycitein(21)"
1351,"Total isoflavones(20)(21)"
1352,"Proanthocyanidin monomers(22)"
1353,"Proanthocyanidin dimers(22)"
1354,"Proanthocyanidin trimers(22)"
1355,"Daidzein(2)(3)(4)"
1356,"Genistein(2)(3)(4)"
1357,"Glycitein(3)(4)"
1358,"Total isoflavones(2)(3)(4)"
1359,"Petunidin(1)"
1360,"Malvidin(1)"
1361,"Proanthocyanidin monomers(7)(8)"
1362,"Proanthocyanidin dimers(7)(8)"
1363,"Proanthocyanidin trimers(7)(8)"
1364,"Daidzein(1)(2)(3)(4)(5)"
1365,"Genistein(1)(2)(3)(4)(5)(6)"
1366,"Glycitein(1)(4)"
1367,"Total isoflavones(1)(2)(3)(4)(5)"
1368,"Daidzein(2)(3)(4)(5)(6)(7)"
1369,"Genistein(2)(3)(4)(5)(6)(7)"
1370,"Glycitein(2)(5)"
1371,"Total isoflavones(2)(3)(4)(5)(6)(7)"
1372,"Total isoflavones(2)(3)(4)(5)(6)"
1373,"Genistein(1)(2)(3)(4)(5)"
1374,"Daidzein(1)(2)(3)(4)(5)(6)"
1375,"Total isoflavones(1)(2)(3)(4)(5)(6)"
1376,"Daidzein(1)(2)(3)"
1377,"Genistein(1)(2)(3)"
1378,"Glycitein(1)(2)(3)"
1379,"Daidzein(3)(4)(5)(6)(7)(8)(9)(10)(11)(12)(13)(14)(15)(16)(17)(18)(19)(20)(21)(22)(23)(24)(25)(26)(27)(28)(29)(30)(31)(32)(33)(34)(35)(36)(37)(38)(39)(40)(41)(42)(43)(44)(45)(46)(47)(48)(49)(50)(51)"
1380,"Genistein(3)(4)(5)(6)(7)(8)(9)(10)(11)(12)(13)(14)(15)(16)(17)(18)(19)(20)(21)(22)(23)(24)(25)(26)(27)(28)(29)(30)(31)(32)(33)(34)(35)(36)(37)(38)(39)(40)(41)(42)(43)(44)(45)(46)(47)(48)(49)(50)(51)"
1381,"Glycitein(3)(4)(6)(10)(11)(12)(14)(15)(17)(18)(20)(21)(23)(25)(26)(27)(28)(30)(31)(33)(34)(36)(38)(39)(42)(43)(44)(45)(47)(48)(49)(50)(51)"
1382,"Total isoflavones(3)(4)(5)(6)(7)(8)(9)(10)(11)(12)(13)(14)(15)(16)(17)(18)(19)(20)(21)(22)(23)(24)(25)(26)(27)(28)(29)(30)(31)(32)(33)(34)(35)(36)(37)(38)(39)(41)(42)(43)(44)(45)(46)(47)(48)(49)(50)(51)"
1383,"Proanthocyanidin monomers(52)"
1384,"Proanthocyanidin dimers(52)"
1385,"Proanthocyanidin trimers(52)"
1386,"Proanthocyanidin 4-6mers(52)"
1387,"Proanthocyanidin 7-10mers(52)"
1388,"Proanthocyanidin polymers (>10mers)(52)"
1389,"Daidzein(1)(2)(3)(4)(5)(6)(7)"
1390,"Genistein(1)(2)(3)(4)(5)(6)(7)"
1391,"Glycitein(2)(4)(5)(6)"
1392,"Total isoflavones(1)(2)(3)(4)(5)(6)(7)"
1393,"Daidzein(2)(3)(4)(5)(6)(7)(8)(9)(10)(11)(12)"
1394,"Genistein(2)(3)(4)(5)(6)(7)(8)(9)(10)(11)(12)(13)"
1395,"Glycitein(3)(5)(6)(7)(11)(12)"
1396,"Total isoflavones(2)(3)(4)(5)(6)(7)(8)(9)(10)(11)(12)"
1397,"Glycitein(2)(3)(4)(5)(6)"
1398,"Daidzein(1)(2)(3)(4)(5)(6)(7)(8)(9)(10)"
1399,"Genistein(1)(2)(3)(4)(5)(6)(7)(8)(9)(10)"
1400,"Glycitein(1)(2)(4)(6)(7)(10)"
1401,"Total isoflavones(1)(2)(3)(4)(5)(6)(7)(8)(9)(10)"
1402,"Daidzein(1)(2)(3)(4)"
1403,"Genistein(1)(2)(3)(4)"
1404,"Glycitein(2)(4)"
1405,"Total isoflavones(1)(2)(3)(4)"
1406,"Daidzein(1)(2)(3)(4)(5)(6)(7)(8)(9)(10)(11)(12)(13)(14)"
1407,"Genistein(1)(2)(3)(4)(5)(6)(7)(8)(9)(10)(11)(12)(13)(14)(15)"
1408,"Glycitein(1)(2)(3)(5)(7)(8)(12)(13)(14)"
1409,"Total isoflavones(1)(2)(3)(4)(5)(6)(7)(8)(9)(10)(11)(12)(13)(14)"
1410,"Daidzein(1)(2)(3)(4)(5)(6)(7)(8)(9)(10)(11)(12)"
1411,"Genistein(1)(2)(3)(4)(5)(6)(7)(8)(9)(10)(11)(12)(13)"
1412,"Glycitein(1)(2)(3)(4)(6)(8)(10)(11)(12)"
1413,"Total isoflavones(1)(2)(3)(4)(5)(6)(7)(8)(9)(10)(11)(12)"
1414,"Daidzein(4)(5)(6)(7)(8)(9)(10)(11)(12)(13)(14)"
1415,"Genistein(4)(5)(6)(7)(8)(9)(10)(11)(12)(13)(14)(15)"
1416,"Glycitein(6)(8)(9)(10)(11)(14)"
1417,"Total isoflavones(4)(5)(6)(7)(8)(9)(10)(11)(12)(13)(14)"
1418,"Daidzein(5)(6)(7)(8)(9)(10)(11)(12)(13)(14)(15)(16)(17)(18)(19)(20)(21)(22)(23)"
1419,"Genistein(5)(6)(7)(8)(9)(10)(11)(12)(13)(14)(15)(16)(17)(18)(19)(20)(21)(22)(23)(24)"
1420,"Glycitein(5)(6)(9)(10)(12)(15)(16)(17)(18)(19)(21)(23)"
1421,"Total isoflavones(5)(6)(7)(8)(9)(10)(11)(12)(13)(14)(15)(16)(17)(18)(19)(20)(21)(22)(23)"
1422,"Glycitein(2)(3)(6)"
1423,"Glycitein(1)(3)(4)(5)(6)(7)"
1424,"Glycitein(2)(3)(4)(5)(6)(7)"
1425,"Daidzein(4)(5)(6)(7)(8)"
1426,"Genistein(4)(5)(6)(7)(8)"
1427,"Glycitein(4)(6)(7)(8)"
1428,"Total isoflavones(4)(5)(6)(7)(8)"
1429,"Proanthocyanidin monomers(13)(14)"
1430,"Proanthocyanidin dimers(13)(14)"
1431,"Proanthocyanidin trimers(13)(14)"
1432,"Proanthocyanidin 4-6mers(13)(14)"
1433,"Proanthocyanidin 7-10mers(13)(14)"
1434,"(+)-Catechin(1)(2)"
1435,"(-)-Epicatechin(1)(2)"
1436,"Proanthocyanidin monomers(4)(5)"
1437,"Proanthocyanidin dimers(4)(5)"
1438,"Proanthocyanidin trimers(4)(5)"
1439,"Proanthocyanidin monomers(2)(3)"
1440,"Proanthocyanidin dimers(2)(3)"
1441,"Quercetin(1)(2)(3)(4)"
1442,"Daidzein(20)"
1443,"Genistein(20)"
1444,"Total isoflavones(20)"
